521351497813344256;mashinnmine;"Bon, c'est parti pour Mommy au mk2 bibliothèque ";Sun Oct 12 19:27:37 CEST 2014;Mommy
521351487461793793;Vii__ann;"Gonna clean the house for mommy ??? ";Sun Oct 12 19:27:35 CEST 2014;Mommy
521351470063837184;juliamaureennnn;"RT @ERINS_2_RUN: My mommy and daddy are better than yours ? ";Sun Oct 12 19:27:31 CEST 2014;Mommy
521351461599735808;kendallbreeann;"mommy brunch date ??? @AndiTuggle ";Sun Oct 12 19:27:29 CEST 2014;Mommy
521351429470957568;PrincessAvaB;"@NotChloeBeale @ItsFloTho Why are you cold Mommy? ";Sun Oct 12 19:27:21 CEST 2014;Mommy
521351422538178560;Romanusovic;"La soundtrack de Mommy est splendide en plus. ";Sun Oct 12 19:27:20 CEST 2014;Mommy
521351420239298560;janaimahogany;"Mommy made me pumpkin bread ?? ";Sun Oct 12 19:27:19 CEST 2014;Mommy
521351402032226305;Ttropicalcam;"RT @honeymoonari: not my mommy ? http://t.co/SCTEvVJtu5 ";Sun Oct 12 19:27:15 CEST 2014;Mommy
521351367685054465;aparentsprspctv;"Teaching independence with Philips #sonicareforkids! http://t.co/Mkku50rzF6 via @Mommy_Jennof3 ";Sun Oct 12 19:27:06 CEST 2014;Mommy
521351360919261184;Xbarfi;"Luscious Mommy With Big Boobs Is Screwed Hard In A Missionary Position http://t.co/yMOarw6uV2 ";Sun Oct 12 19:27:05 CEST 2014;Mommy
521351357760933888;FantasyTiffany;"does any mommy or soon to be mommy want this, it's in perfect condition Tanner is just to big and bored of it. http://t.co/O41qz2klZq ";Sun Oct 12 19:27:04 CEST 2014;Mommy
521351356695601152;GGemma2280;"RT @queenatashia4: eeeeh nag post pala si mommy jen sa IG niya ? sa lahat ng gt ni jane, joshane lang nandun ???  CONGRATULATIONS JoshAne K… ";Sun Oct 12 19:27:04 CEST 2014;Mommy
521351351960219649;ohyaiyah;"Mommy ain't tryna wait for my ass Fck I hate when she rush me ";Sun Oct 12 19:27:03 CEST 2014;Mommy
521351336651407360;lifewith_kee;"“@Nickle_2times: “@lifewith_kee: mommy made Alfredo ?” bring me some”that's a bop cousin ";Sun Oct 12 19:26:59 CEST 2014;Mommy
521351333090439168;RUTHLESSNEISHA;"and my mommy dont like hear the truth boy ";Sun Oct 12 19:26:58 CEST 2014;Mommy
